INSERT INTO gift_certificate (gift_id, create_date, description, duration, last_update_date, gift_name, price)
VALUES (1, '2021-10-31 14:44:50.104000', 'retinoscope', 102, '2021-10-31 14:44:50.104000', 'halves',
        141.28460835727986);
INSERT INTO gift_certificate (gift_id, create_date, description, duration, last_update_date, gift_name, price)
VALUES (2, '2021-10-31 14:44:50.324000', 'ideologue', 42, '2021-10-31 14:44:50.324000', 'bacchant', 129.1477525318214);
INSERT INTO gift_certificate (gift_id, create_date, description, duration, last_update_date, gift_name, price)
VALUES (3, '2021-10-31 14:44:50.375000', 'nereid', 303, '2021-10-31 14:44:50.375000', 'monitory', 230.7486192695624);
INSERT INTO gift_certificate (gift_id, create_date, description, duration, last_update_date, gift_name, price)
VALUES (4, '2021-10-31 14:44:50.424000', 'idolatry', 288, '2021-10-31 14:44:50.424000', 'tact', 279.1239253747994);
INSERT INTO gift_certificate (gift_id, create_date, description, duration, last_update_date, gift_name, price)
VALUES (5, '2021-10-31 14:44:50.474000', 'fastigiums', 155, '2021-10-31 14:44:50.474000', 'tenoners',
        269.9729413132945);
INSERT INTO gift_certificate (gift_id, create_date, description, duration, last_update_date, gift_name, price)
VALUES (6, '2021-10-31 14:44:50.503000', 'tenia', 100, '2021-10-31 14:44:50.503000', 'ospreys', 45.07984286297944);
INSERT INTO gift_certificate (gift_id, create_date, description, duration, last_update_date, gift_name, price)
VALUES (7, '2021-10-31 14:44:50.540000', 'liquidus', 284, '2021-10-31 14:44:50.540000', 'cellophane',
        7.252208730567878);
INSERT INTO gift_certificate (gift_id, create_date, description, duration, last_update_date, gift_name, price)
VALUES (8, '2021-10-31 14:44:50.590000', 'undervoice', 61, '2021-10-31 14:44:50.590000', 'sollerets',
        169.38876498962253);
INSERT INTO gift_certificate (gift_id, create_date, description, duration, last_update_date, gift_name, price)
VALUES (9, '2021-10-31 14:44:50.627000', 'cornett', 108, '2021-10-31 14:44:50.627000', 'sublimations',
        195.84424222546326);
INSERT INTO gift_certificate (gift_id, create_date, description, duration, last_update_date, gift_name, price)
VALUES (10, '2021-10-31 14:44:50.672000', 'villainy', 126, '2021-10-31 14:44:50.672000', 'spaceman', 164.5007547407375);
INSERT INTO gift_certificate (gift_id, create_date, description, duration, last_update_date, gift_name, price)
VALUES (11, '2021-10-31 14:44:50.708000', 'divalents', 201, '2021-10-31 14:44:50.708000', 'cairns', 98.80357096269255);
INSERT INTO gift_certificate (gift_id, create_date, description, duration, last_update_date, gift_name, price)
VALUES (12, '2021-10-31 14:44:50.747000', 'brachylogy', 334, '2021-10-31 14:44:50.747000', 'rotogravure',
        3.095330273553999);
INSERT INTO gift_certificate (gift_id, create_date, description, duration, last_update_date, gift_name, price)
VALUES (13, '2021-10-31 14:44:50.810000', 'diplopia', 76, '2021-10-31 14:44:50.810000', 'scudding', 262.5224543535377);
INSERT INTO gift_certificate (gift_id, create_date, description, duration, last_update_date, gift_name, price)
VALUES (14, '2021-10-31 14:44:50.849000', 'haar', 67, '2021-10-31 14:44:50.849000', 'gloat', 76.99791311023779);
INSERT INTO gift_certificate (gift_id, create_date, description, duration, last_update_date, gift_name, price)
VALUES (15, '2021-10-31 14:44:50.892000', 'eyes', 122, '2021-10-31 14:44:50.892000', 'feldspathoid',
        27.053618824292474);
INSERT INTO gift_certificate (gift_id, create_date, description, duration, last_update_date, gift_name, price)
VALUES (16, '2021-10-31 14:44:50.980000', 'crawlings', 130, '2021-10-31 14:44:50.980000', 'tans', 134.85907097784332);
INSERT INTO gift_certificate (gift_id, create_date, description, duration, last_update_date, gift_name, price)
VALUES (17, '2021-10-31 14:44:51.074000', 'parcloses', 351, '2021-10-31 14:44:51.074000', 'adverseness',
        80.8430307741651);
INSERT INTO gift_certificate (gift_id, create_date, description, duration, last_update_date, gift_name, price)
VALUES (18, '2021-10-31 14:44:51.238000', 'marmot', 161, '2021-10-31 14:44:51.238000', 'nagger', 144.97838358260887);
INSERT INTO gift_certificate (gift_id, create_date, description, duration, last_update_date, gift_name, price)
VALUES (19, '2021-10-31 14:44:51.316000', 'bulnbulns', 209, '2021-10-31 14:44:51.316000', 'sarong', 265.69970719461304);
INSERT INTO gift_certificate (gift_id, create_date, description, duration, last_update_date, gift_name, price)
VALUES (20, '2021-10-31 14:44:51.387000', 'swop', 218, '2021-10-31 14:44:51.387000', 'volution', 277.4413087221836);


INSERT INTO tag (tag_id, tag_name)
VALUES (1920, 'aardvark');
INSERT INTO tag (tag_id, tag_name)
VALUES (1853, 'aardvarks');
INSERT INTO tag (tag_id, tag_name)
VALUES (1750, 'abac');
INSERT INTO tag (tag_id, tag_name)
VALUES (8867, 'abalone');
INSERT INTO tag (tag_id, tag_name)
VALUES (6617, 'abattis');
INSERT INTO tag (tag_id, tag_name)
VALUES (4675, 'abb');
INSERT INTO tag (tag_id, tag_name)
VALUES (4980, 'abbess');
INSERT INTO tag (tag_id, tag_name)
VALUES (1503, 'abbs');
INSERT INTO tag (tag_id, tag_name)
VALUES (710, 'abdicator');
INSERT INTO tag (tag_id, tag_name)
VALUES (6188, 'abduction');
INSERT INTO tag (tag_id, tag_name)
VALUES (1673, 'aberration');
INSERT INTO tag (tag_id, tag_name)
VALUES (683, 'abessive');
INSERT INTO tag (tag_id, tag_name)
VALUES (1713, 'abiosis');
INSERT INTO tag (tag_id, tag_name)
VALUES (5924, 'abjurations');
INSERT INTO tag (tag_id, tag_name)
VALUES (8358, 'abolitions');
INSERT INTO tag (tag_id, tag_name)
VALUES (6181, 'abomasum');
INSERT INTO tag (tag_id, tag_name)
VALUES (4488, 'abortion');
INSERT INTO tag (tag_id, tag_name)
VALUES (1888, 'aboulia');
INSERT INTO tag (tag_id, tag_name)
VALUES (3416, 'abradant');
INSERT INTO tag (tag_id, tag_name)
VALUES (1295, 'abraxas');
INSERT INTO tag (tag_id, tag_name)
VALUES (7234, 'abreactions');
INSERT INTO tag (tag_id, tag_name)
VALUES (1335, 'abrogation');
INSERT INTO tag (tag_id, tag_name)
VALUES (4215, 'abruption');
INSERT INTO tag (tag_id, tag_name)
VALUES (4783, 'abscess');
INSERT INTO tag (tag_id, tag_name)
VALUES (1837, 'absconder');

INSERT INTO gifts_tags (gift_id, tag_id)
VALUES (1, 1920);
INSERT INTO gifts_tags (gift_id, tag_id)
VALUES (20, 1853);
INSERT INTO gifts_tags (gift_id, tag_id)
VALUES (2, 6188);
INSERT INTO gifts_tags (gift_id, tag_id)
VALUES (2, 1837);
INSERT INTO gifts_tags (gift_id, tag_id)
VALUES (19, 1920);
INSERT INTO gifts_tags (gift_id, tag_id)
VALUES (3, 1853);
INSERT INTO gifts_tags (gift_id, tag_id)
VALUES (4, 1853);
INSERT INTO gifts_tags (gift_id, tag_id)
VALUES (7, 6188);
INSERT INTO gifts_tags (gift_id, tag_id)
VALUES (7, 1853);
INSERT INTO gifts_tags (gift_id, tag_id)
VALUES (8, 4783);
INSERT INTO gifts_tags (gift_id, tag_id)
VALUES (9, 1837);
INSERT INTO gifts_tags (gift_id, tag_id)
VALUES (15, 1837);
INSERT INTO gifts_tags (gift_id, tag_id)
VALUES (9, 4783);
INSERT INTO gifts_tags (gift_id, tag_id)
VALUES (10, 6188);
INSERT INTO gifts_tags (gift_id, tag_id)
VALUES (17, 4783);
INSERT INTO gifts_tags (gift_id, tag_id)
VALUES (10, 4783);
INSERT INTO gifts_tags (gift_id, tag_id)
VALUES (12, 4215);
INSERT INTO gifts_tags (gift_id, tag_id)
VALUES (13, 4215);
INSERT INTO gifts_tags (gift_id, tag_id)
VALUES (13, 1920);
INSERT INTO gifts_tags (gift_id, tag_id)
VALUES (17, 4215);
INSERT INTO gifts_tags (gift_id, tag_id)
VALUES (16, 1335);
INSERT INTO gifts_tags (gift_id, tag_id)
VALUES (18, 7234);
INSERT INTO gifts_tags (gift_id, tag_id)
VALUES (18, 1335);
INSERT INTO gifts_tags (gift_id, tag_id)
VALUES (19, 6181);
INSERT INTO gifts_tags (gift_id, tag_id)
VALUES (19, 1335);
INSERT INTO gifts_tags (gift_id, tag_id)
VALUES (13, 7234);
INSERT INTO gifts_tags (gift_id, tag_id)
VALUES (12, 6181);
INSERT INTO gifts_tags (gift_id, tag_id)
VALUES (14, 6181);
INSERT INTO gifts_tags (gift_id, tag_id)
VALUES (15, 7234);
INSERT INTO gifts_tags (gift_id, tag_id)
VALUES (16, 8358);
INSERT INTO gifts_tags (gift_id, tag_id)
VALUES (16, 1920);
INSERT INTO gifts_tags (gift_id, tag_id)
VALUES (5, 8358);
INSERT INTO gifts_tags (gift_id, tag_id)
VALUES (6, 1335);
INSERT INTO gifts_tags (gift_id, tag_id)
VALUES (11, 8358);
INSERT INTO gifts_tags (gift_id, tag_id)
VALUES (11, 1673);

INSERT INTO user (user_id, user_name)
VALUES (1, 'Donte Westermann');
INSERT INTO user (user_id, user_name)
VALUES (2, 'Donte Marotz');
INSERT INTO user (user_id, user_name)
VALUES (3, 'Randal Dubovsky');
INSERT INTO user (user_id, user_name)
VALUES (4, 'Jenny Korbar');
INSERT INTO user (user_id, user_name)
VALUES (5, 'Antonia Tramontano');
INSERT INTO user (user_id, user_name)
VALUES (6, 'Gabriella Cerbone');
INSERT INTO user (user_id, user_name)
VALUES (7, 'Major Kinkel');
INSERT INTO user (user_id, user_name)
VALUES (8, 'Franklin Rodea');
INSERT INTO user (user_id, user_name)
VALUES (9, 'Cierra Yeates');
INSERT INTO user (user_id, user_name)
VALUES (10, 'Velia Rendel');

INSERT INTO users_order (order_id, cost, date_of_buy, gift_id, gift_name, user_id)
VALUES (1, 188.04090516636978, '2021-10-31 15:32:47.429000', 1, 'halves', 1);
INSERT INTO users_order (order_id, cost, date_of_buy, gift_id, gift_name, user_id)
VALUES (2, 141.6918107458806, '2021-10-31 15:32:47.574000', 2, 'bacchant', 2);
INSERT INTO users_order (order_id, cost, date_of_buy, gift_id, gift_name, user_id)
VALUES (3, 18.981064736952753, '2021-10-31 15:32:47.606000', 2, 'bacchant', 3);
INSERT INTO users_order (order_id, cost, date_of_buy, gift_id, gift_name, user_id)
VALUES (4, 99.23353176911259, '2021-10-31 15:32:47.641000', 2, 'bacchant', 4);
INSERT INTO users_order (order_id, cost, date_of_buy, gift_id, gift_name, user_id)
VALUES (5, 176.56044587797257, '2021-10-31 15:32:47.674000', 16, 'tans', 5);
INSERT INTO users_order (order_id, cost, date_of_buy, gift_id, gift_name, user_id)
VALUES (6, 72.30260660676561, '2021-10-31 15:32:47.709000', 15, 'feldspathoid', 6);
INSERT INTO users_order (order_id, cost, date_of_buy, gift_id, gift_name, user_id)
VALUES (7, 289.16970140490844, '2021-10-31 15:32:47.742000', 1, 'halves', 7);
INSERT INTO users_order (order_id, cost, date_of_buy, gift_id, gift_name, user_id)
VALUES (8, 227.92762769312745, '2021-10-31 15:32:47.771000', 14, 'gloat', 8);
INSERT INTO users_order (order_id, cost, date_of_buy, gift_id, gift_name, user_id)
VALUES (9, 148.35412838586493, '2021-10-31 15:32:47.830000', 13, 'scudding', 9);
INSERT INTO users_order (order_id, cost, date_of_buy, gift_id, gift_name, user_id)
VALUES (10, 162.51175594087033, '2021-10-31 15:32:47.880000', 12, 'rotogravure', 10);
INSERT INTO users_order (order_id, cost, date_of_buy, gift_id, gift_name, user_id)
VALUES (11, 117.5213604043924, '2021-10-31 15:32:47.909000', 2, 'bacchant', 9);
INSERT INTO users_order (order_id, cost, date_of_buy, gift_id, gift_name, user_id)
VALUES (12, 97.92590173558966, '2021-10-31 15:32:47.936000', 11, 'cairns', 8);
INSERT INTO users_order (order_id, cost, date_of_buy, gift_id, gift_name, user_id)
VALUES (13, 150.82704848638102, '2021-10-31 15:32:47.984000', 1, 'halves', 7);
INSERT INTO users_order (order_id, cost, date_of_buy, gift_id, gift_name, user_id)
VALUES (14, 190.6695132350251, '2021-10-31 15:32:48.048000', 5, 'tenoners', 6);
INSERT INTO users_order (order_id, cost, date_of_buy, gift_id, gift_name, user_id)
VALUES (15, 264.2225946436429, '2021-10-31 15:32:48.075000', 8, 'sollerets', 5);
INSERT INTO users_order (order_id, cost, date_of_buy, gift_id, gift_name, user_id)
VALUES (16, 81.18351786294933, '2021-10-31 15:32:48.132000', 10, 'spaceman', 4);
INSERT INTO users_order (order_id, cost, date_of_buy, gift_id, gift_name, user_id)
VALUES (17, 125.87873993512154, '2021-10-31 15:32:48.155000', 9, 'sublimations', 3);
INSERT INTO users_order (order_id, cost, date_of_buy, gift_id, gift_name, user_id)
VALUES (18, 105.23828957238656, '2021-10-31 15:32:48.177000', 1, 'halves', 2);
INSERT INTO users_order (order_id, cost, date_of_buy, gift_id, gift_name, user_id)
VALUES (19, 27.346965731391414, '2021-10-31 15:32:48.196000', 5, 'tenoners', 1);
INSERT INTO users_order (order_id, cost, date_of_buy, gift_id, gift_name, user_id)
VALUES (20, 79.70799268080705, '2021-10-31 15:32:48.213000', 6, 'ospreys', 1);
INSERT INTO users_order (order_id, cost, date_of_buy, gift_id, gift_name, user_id)
VALUES (21, 271.30279469592256, '2021-10-31 15:32:48.239000', 4, 'tact', 3);
INSERT INTO users_order (order_id, cost, date_of_buy, gift_id, gift_name, user_id)
VALUES (22, 207.19397076306964, '2021-10-31 15:32:48.254000', 2, 'bacchant', 5);
INSERT INTO users_order (order_id, cost, date_of_buy, gift_id, gift_name, user_id)
VALUES (23, 1.3952707428766817, '2021-10-31 15:32:48.295000', 7, 'cellophane', 7);
INSERT INTO users_order (order_id, cost, date_of_buy, gift_id, gift_name, user_id)
VALUES (24, 38.471772347904704, '2021-10-31 15:32:48.328000', 5, 'tenoners', 9);
INSERT INTO users_order (order_id, cost, date_of_buy, gift_id, gift_name, user_id)
VALUES (25, 217.02308123154566, '2021-10-31 15:32:48.347000', 8, 'sollerets', 10);
INSERT INTO users_order (order_id, cost, date_of_buy, gift_id, gift_name, user_id)
VALUES (26, 120.97686663925492, '2021-10-31 15:32:48.369000', 4, 'tact', 8);
INSERT INTO users_order (order_id, cost, date_of_buy, gift_id, gift_name, user_id)
VALUES (27, 108.27706972022473, '2021-10-31 15:32:48.411000', 7, 'cellophane', 6);
INSERT INTO users_order (order_id, cost, date_of_buy, gift_id, gift_name, user_id)
VALUES (28, 0.6876509233821569, '2021-10-31 15:32:48.467000', 5, 'tenoners', 4);
INSERT INTO users_order (order_id, cost, date_of_buy, gift_id, gift_name, user_id)
VALUES (29, 289.8755472835852, '2021-10-31 15:32:48.500000', 4, 'tact', 2);
INSERT INTO users_order (order_id, cost, date_of_buy, gift_id, gift_name, user_id)
VALUES (30, 40.05762297181117, '2021-10-31 15:32:48.530000', 4, 'tact', 1);

